guide_seq,Activity,GC_content,tandem_repeats,entropy,melting_temperature,contiguous_repetitiveness,MFE,Cas12,Cas13,Cas9,A_count,C_count,T_count,G_count,Pos_1_A,Pos_1_G,Pos_1_T,Pos_1_C,Pos_2_A,Pos_2_G,Pos_2_T,Pos_2_C,Pos_3_A,Pos_3_G,Pos_3_T,Pos_3_C,Pos_4_A,Pos_4_G,Pos_4_T,Pos_4_C,Pos_5_A,Pos_5_G,Pos_5_T,Pos_5_C,Pos_6_A,Pos_6_G,Pos_6_T,Pos_6_C,Pos_7_A,Pos_7_G,Pos_7_T,Pos_7_C,Pos_8_A,Pos_8_G,Pos_8_T,Pos_8_C,Pos_9_A,Pos_9_G,Pos_9_T,Pos_9_C,Pos_10_A,Pos_10_G,Pos_10_T,Pos_10_C,Pos_11_A,Pos_11_G,Pos_11_T,Pos_11_C,Pos_12_A,Pos_12_G,Pos_12_T,Pos_12_C,Pos_13_A,Pos_13_G,Pos_13_T,Pos_13_C,Pos_14_A,Pos_14_G,Pos_14_T,Pos_14_C,Pos_15_A,Pos_15_G,Pos_15_T,Pos_15_C,Pos_16_A,Pos_16_G,Pos_16_T,Pos_16_C,Pos_17_A,Pos_17_G,Pos_17_T,Pos_17_C,Pos_18_A,Pos_18_G,Pos_18_T,Pos_18_C,Pos_19_A,Pos_19_G,Pos_19_T,Pos_19_C,Pos_20_A,Pos_20_G,Pos_20_T,Pos_20_C,Pos_21_A,Pos_21_G,Pos_21_T,Pos_21_C,Pos_22_A,Pos_22_G,Pos_22_T,Pos_22_C,Pos_23_A,Pos_23_G,Pos_23_T,Pos_23_C,Pos_24_A,Pos_24_G,Pos_24_T,Pos_24_C,Pos_25_A,Pos_25_G,Pos_25_T,Pos_25_C,Pos_26_A,Pos_26_G,Pos_26_T,Pos_26_C,Pos_27_A,Pos_27_G,Pos_27_T,Pos_27_C,Pos_28_A,Pos_28_G,Pos_28_T,Pos_28_C
AAAGACATATACATCCTAGATTATATGC,0.614237302,0.285714286,0.142857143,0.914676068,0.642358688,0.107142857,0.631638418,0,1,0,0.428571429,0.178571429,0.285714286,0.107142857,1,0,0,0,1,0,0,0,1,0,0,0,0,1,0,0,1,0,0,0,0,0,0,1,1,0,0,0,0,0,1,0,1,0,0,0,0,0,1,0,1,0,0,0,0,0,0,1,1,0,0,0,0,0,1,0,0,0,0,1,0,0,0,1,0,0,1,0,1,0,0,0,0,1,0,0,1,0,0,0,0,0,1,0,0,0,1,0,1,0,0,0,0,0,1,0,1,0,0,0,0,0,1,0,0,1,0,0,0,0,0,1
AAAGGGCTCGCCACACATGAAGATCCAT,0.283750079,0.5,0.142857143,0.962087176,0.749651082,0.107142857,0.651977401,0,1,0,0.357142857,0.285714286,0.142857143,0.214285714,1,0,0,0,1,0,0,0,1,0,0,0,0,1,0,0,0,1,0,0,0,1,0,0,0,0,0,1,0,0,1,0,0,0,0,1,0,1,0,0,0,0,0,1,0,0,0,1,1,0,0,0,0,0,0,1,1,0,0,0,0,0,0,1,1,0,0,0,0,0,1,0,0,1,0,0,1,0,0,0,1,0,0,0,0,1,0,0,1,0,0,0,0,0,1,0,0,0,0,1,0,0,0,1,1,0,0,0,0,0,1,0
AAATAACAGAGTACTGAGGCTTTAATGA,0.570117297,0.321428571,0.142857143,0.922682872,0.660240754,0.107142857,0.742372881,0,1,0,0.428571429,0.107142857,0.25,0.214285714,1,0,0,0,1,0,0,0,1,0,0,0,0,0,1,0,1,0,0,0,1,0,0,0,0,0,0,1,1,0,0,0,0,1,0,0,1,0,0,0,0,1,0,0,0,0,1,0,1,0,0,0,0,0,0,1,0,0,1,0,0,1,0,0,1,0,0,0,0,1,0,0,0,1,0,0,0,0,0,1,0,0,1,0,0,0,1,0,0,0,1,0,1,0,0,0,1,0,0,0,0,0,1,0,0,1,0,0,1,0,0,0
AACAGAGTACTGAGGCTTTAATGATCAT,0.746661977,0.357142857,0.142857143,0.962087176,0.678122819,0.107142857,0.744632768,0,1,0,0.357142857,0.142857143,0.285714286,0.214285714,1,0,0,0,1,0,0,0,0,0,0,1,1,0,0,0,0,1,0,0,1,0,0,0,0,1,0,0,0,0,1,0,1,0,0,0,0,0,0,1,0,0,1,0,0,1,0,0,1,0,0,0,0,1,0,0,0,1,0,0,0,0,0,1,0,0,1,0,0,0,1,0,0,0,1,0,1,0,0,0,1,0,0,0,0,0,1,0,0,1,0,0,1,0,0,0,0,0,1,0,0,0,0,1,1,0,0,0,0,0,1,0
AACATTCAAGGAATGGAAGCACCGAGAG,0.308725373,0.464285714,0.142857143,0.914676068,0.731769016,0.071428571,0.675706215,0,1,0,0.428571429,0.178571429,0.107142857,0.285714286,1,0,0,0,1,0,0,0,0,0,0,1,1,0,0,0,0,0,1,0,0,0,1,0,0,0,0,1,1,0,0,0,1,0,0,0,0,1,0,0,0,1,0,0,1,0,0,0,1,0,0,0,0,0,1,0,0,1,0,0,0,1,0,0,1,0,0,0,1,0,0,0,0,1,0,0,0,0,0,1,1,0,0,0,0,0,0,1,0,0,0,1,0,1,0,0,1,0,0,0,0,1,0,0,1,0,0,0,0,1,0,0
AAGCTCACCCACCCGAATGACTTGGGAG,0.261176811,0.571428571,0.285714286,0.971877292,0.785415213,0.107142857,0.407909605,0,1,0,0.285714286,0.321428571,0.142857143,0.25,1,0,0,0,1,0,0,0,0,1,0,0,0,0,0,1,0,0,1,0,0,0,0,1,1,0,0,0,0,0,0,1,0,0,0,1,0,0,0,1,1,0,0,0,0,0,0,1,0,0,0,1,0,0,0,1,0,1,0,0,1,0,0,0,1,0,0,0,0,0,1,0,0,1,0,0,1,0,0,0,0,0,0,1,0,0,1,0,0,0,1,0,0,1,0,0,0,1,0,0,0,1,0,0,1,0,0,0,0,1,0,0
AAGGGGAACTACACAAATTGGACATGTT,0.395641423,0.392857143,0.142857143,0.953409474,0.696004885,0.142857143,0.940112994,0,1,0,0.392857143,0.142857143,0.214285714,0.25,1,0,0,0,1,0,0,0,0,1,0,0,0,1,0,0,0,1,0,0,0,1,0,0,1,0,0,0,1,0,0,0,0,0,0,1,0,0,1,0,1,0,0,0,0,0,0,1,1,0,0,0,0,0,0,1,1,0,0,0,1,0,0,0,1,0,0,0,0,0,1,0,0,0,1,0,0,1,0,0,0,1,0,0,1,0,0,0,0,0,0,1,1,0,0,0,0,0,1,0,0,1,0,0,0,0,1,0,0,0,1,0
AATAATCTCCATGACTAGTAGATGGAGA,0.212617757,0.357142857,0.214285714,0.953409474,0.678122819,0.071428571,0.046327684,0,1,0,0.392857143,0.142857143,0.25,0.214285714,1,0,0,0,1,0,0,0,0,0,1,0,1,0,0,0,1,0,0,0,0,0,1,0,0,0,0,1,0,0,1,0,0,0,0,1,0,0,0,1,1,0,0,0,0,0,1,0,0,1,0,0,1,0,0,0,0,0,0,1,0,0,1,0,1,0,0,0,0,1,0,0,0,0,1,0,1,0,0,0,0,1,0,0,1,0,0,0,0,0,1,0,0,1,0,0,0,1,0,0,1,0,0,0,0,1,0,0,1,0,0,0
AATGAATGGAAACCCATGAGGGAAAGAG,0.521956772,0.428571429,0.107142857,0.865377169,0.71388695,0.107142857,0.575141243,0,1,0,0.464285714,0.107142857,0.107142857,0.321428571,1,0,0,0,1,0,0,0,0,0,1,0,0,1,0,0,1,0,0,0,1,0,0,0,0,0,1,0,0,1,0,0,0,1,0,0,1,0,0,0,1,0,0,0,1,0,0,0,0,0,0,1,0,0,0,1,0,0,0,1,1,0,0,0,0,0,1,0,0,1,0,0,1,0,0,0,0,1,0,0,0,1,0,0,0,1,0,0,1,0,0,0,1,0,0,0,1,0,0,0,0,1,0,0,1,0,0,0,0,1,0,0
AATGATCATCTGGATGGCATGAGACTCT,0.505158099,0.428571429,0.214285714,0.98830023,0.71388695,0.071428571,0.723163842,0,1,0,0.285714286,0.178571429,0.285714286,0.25,1,0,0,0,1,0,0,0,0,0,1,0,0,1,0,0,1,0,0,0,0,0,1,0,0,0,0,1,1,0,0,0,0,0,1,0,0,0,0,1,0,0,1,0,0,1,0,0,0,1,0,0,1,0,0,0,0,0,1,0,0,1,0,0,0,1,0,0,0,0,0,1,1,0,0,0,0,0,1,0,0,1,0,0,1,0,0,0,0,1,0,0,1,0,0,0,0,0,0,1,0,0,1,0,0,0,0,1,0,0,1,0
ACCCATGAGGGAAAGAGAAGAGCTAAAC,0.479902717,0.464285714,0.142857143,0.873046089,0.731769016,0.107142857,0.592090395,0,1,0,0.464285714,0.178571429,0.071428571,0.285714286,1,0,0,0,0,0,0,1,0,0,0,1,0,0,0,1,1,0,0,0,0,0,1,0,0,1,0,0,1,0,0,0,0,1,0,0,0,1,0,0,0,1,0,0,1,0,0,0,1,0,0,0,1,0,0,0,0,1,0,0,1,0,0,0,0,1,0,0,1,0,0,0,1,0,0,0,0,1,0,0,1,0,0,0,0,1,0,0,0,0,0,1,0,0,1,0,1,0,0,0,1,0,0,0,1,0,0,0,0,0,0,1
ACCCGAATGACTTGGGAGCATAGATGGA,0.340834945,0.5,0.107142857,0.970142979,0.749651082,0.107142857,0.407909605,0,1,0,0.321428571,0.178571429,0.178571429,0.321428571,1,0,0,0,0,0,0,1,0,0,0,1,0,0,0,1,0,1,0,0,1,0,0,0,1,0,0,0,0,0,1,0,0,1,0,0,1,0,0,0,0,0,0,1,0,0,1,0,0,0,1,0,0,1,0,0,0,1,0,0,0,1,0,0,1,0,0,0,0,1,0,0,0,0,0,1,1,0,0,0,0,0,1,0,1,0,0,0,0,1,0,0,1,0,0,0,0,0,1,0,0,1,0,0,0,1,0,0,1,0,0,0
ACCCTTCTAAACATTAAAATCTGTTTCC,0.611236615,0.321428571,0.142857143,0.872452355,0.660240754,0.142857143,0.86779661,0,1,0,0.321428571,0.285714286,0.357142857,0.035714286,1,0,0,0,0,0,0,1,0,0,0,1,0,0,0,1,0,0,1,0,0,0,1,0,0,0,0,1,0,0,1,0,1,0,0,0,1,0,0,0,1,0,0,0,0,0,0,1,1,0,0,0,0,0,1,0,0,0,1,0,1,0,0,0,1,0,0,0,1,0,0,0,1,0,0,0,0,0,1,0,0,0,0,1,0,0,1,0,0,1,0,0,0,0,1,0,0,0,1,0,0,0,1,0,0,0,0,1,0,0,0,1
ACTAGTAGATGGAGAAGCACTTTTCAAC,0.575080599,0.392857143,0.214285714,0.975281374,0.696004885,0.142857143,0.725423729,0,1,0,0.357142857,0.178571429,0.25,0.214285714,1,0,0,0,0,0,0,1,0,0,1,0,1,0,0,0,0,1,0,0,0,0,1,0,1,0,0,0,0,1,0,0,1,0,0,0,0,0,1,0,0,1,0,0,0,1,0,0,1,0,0,0,0,1,0,0,1,0,0,0,1,0,0,0,0,1,0,0,0,0,0,1,1,0,0,0,0,0,0,1,0,0,1,0,0,0,1,0,0,0,1,0,0,0,1,0,0,0,0,1,1,0,0,0,1,0,0,0,0,0,0,1
AGAGACAAATAATCTCCATGACTAGTAG,0.579312084,0.357142857,0.214285714,0.943880926,0.678122819,0.107142857,0.769491525,0,1,0,0.428571429,0.178571429,0.214285714,0.178571429,1,0,0,0,0,1,0,0,1,0,0,0,0,1,0,0,1,0,0,0,0,0,0,1,1,0,0,0,1,0,0,0,1,0,0,0,0,0,1,0,1,0,0,0,1,0,0,0,0,0,1,0,0,0,0,1,0,0,1,0,0,0,0,1,0,0,0,1,1,0,0,0,0,0,1,0,0,1,0,0,1,0,0,0,0,0,0,1,0,0,1,0,1,0,0,0,0,1,0,0,0,0,1,0,1,0,0,0,0,1,0,0
AGCAGAGAAGGAGCCTGAGCTCAAAAGC,0.418510185,0.535714286,0.142857143,0.902019464,0.767533147,0.142857143,0.466666667,0,1,0,0.392857143,0.214285714,0.071428571,0.321428571,1,0,0,0,0,1,0,0,0,0,0,1,1,0,0,0,0,1,0,0,1,0,0,0,0,1,0,0,1,0,0,0,1,0,0,0,0,1,0,0,0,1,0,0,1,0,0,0,0,1,0,0,0,0,0,1,0,0,0,1,0,0,1,0,0,1,0,0,1,0,0,0,0,1,0,0,0,0,0,1,0,0,1,0,0,0,0,1,1,0,0,0,1,0,0,0,1,0,0,0,1,0,0,0,0,1,0,0,0,0,0,1
AGGAGGGGAGTGGATAAAAAGACATATA,0.310606148,0.392857143,0.214285714,0.808588224,0.696004885,0.178571429,0.951412429,0,1,0,0.464285714,0.035714286,0.142857143,0.357142857,1,0,0,0,0,1,0,0,0,1,0,0,1,0,0,0,0,1,0,0,0,1,0,0,0,1,0,0,0,1,0,0,1,0,0,0,0,1,0,0,0,0,1,0,0,1,0,0,0,1,0,0,1,0,0,0,0,0,1,0,1,0,0,0,1,0,0,0,1,0,0,0,1,0,0,0,1,0,0,0,0,1,0,0,1,0,0,0,0,0,0,1,1,0,0,0,0,0,1,0,1,0,0,0,0,0,1,0,1,0,0,0
AGTGGGTCATATGATAGAGAGTTGTTGA,0.25205267,0.392857143,0.214285714,0.872452355,0.696004885,0.107142857,0.876836158,0,1,0,0.285714286,0.035714286,0.321428571,0.357142857,1,0,0,0,0,1,0,0,0,0,1,0,0,1,0,0,0,1,0,0,0,1,0,0,0,0,1,0,0,0,0,1,1,0,0,0,0,0,1,0,1,0,0,0,0,0,1,0,0,1,0,0,1,0,0,0,0,0,1,0,1,0,0,0,0,1,0,0,1,0,0,0,0,1,0,0,1,0,0,0,0,1,0,0,0,0,1,0,0,0,1,0,0,1,0,0,0,0,1,0,0,0,1,0,0,1,0,0,1,0,0,0
AGTTGTTGATGCTGCAACAAGTAGGGAA,0.243092421,0.428571429,0.214285714,0.948944926,0.71388695,0.107142857,0.456497175,0,1,0,0.321428571,0.107142857,0.25,0.321428571,1,0,0,0,0,1,0,0,0,0,1,0,0,0,1,0,0,1,0,0,0,0,1,0,0,0,1,0,0,1,0,0,1,0,0,0,0,0,1,0,0,1,0,0,0,0,0,1,0,0,1,0,0,1,0,0,0,0,0,1,1,0,0,0,1,0,0,0,0,0,0,1,1,0,0,0,1,0,0,0,0,1,0,0,0,0,1,0,1,0,0,0,0,1,0,0,0,1,0,0,0,1,0,0,1,0,0,0,1,0,0,0
ATAACAGAAAGGCAGAGGAAGAGTGGGT,0.375400508,0.464285714,0.142857143,0.835317009,0.731769016,0.107142857,0.998870056,0,1,0,0.428571429,0.071428571,0.107142857,0.392857143,1,0,0,0,0,0,1,0,1,0,0,0,1,0,0,0,0,0,0,1,1,0,0,0,0,1,0,0,1,0,0,0,1,0,0,0,1,0,0,0,0,1,0,0,0,1,0,0,0,0,0,1,1,0,0,0,0,1,0,0,1,0,0,0,0,1,0,0,0,1,0,0,1,0,0,0,1,0,0,0,0,1,0,0,1,0,0,0,0,1,0,0,0,0,1,0,0,1,0,0,0,1,0,0,0,1,0,0,0,0,1,0
ATCAAACTTTTAAGCTGGTGTCACCAGA,0.631778183,0.392857143,0.142857143,0.981378524,0.696004885,0.142857143,0.413559322,0,1,0,0.321428571,0.214285714,0.285714286,0.178571429,1,0,0,0,0,0,1,0,0,0,0,1,1,0,0,0,1,0,0,0,1,0,0,0,0,0,0,1,0,0,1,0,0,0,1,0,0,0,1,0,0,0,1,0,1,0,0,0,1,0,0,0,0,1,0,0,0,0,0,1,0,0,1,0,0,1,0,0,0,1,0,0,0,0,1,0,0,1,0,0,0,0,1,0,0,0,0,1,1,0,0,0,0,0,0,1,0,0,0,1,1,0,0,0,0,1,0,0,1,0,0,0
ATCTCCATGACTAGTAGATGGAGAAGCA,0.03560807,0.428571429,0.214285714,0.975281374,0.71388695,0.071428571,0,0,1,0,0.357142857,0.178571429,0.214285714,0.25,1,0,0,0,0,0,1,0,0,0,0,1,0,0,1,0,0,0,0,1,0,0,0,1,1,0,0,0,0,0,1,0,0,1,0,0,1,0,0,0,0,0,0,1,0,0,1,0,1,0,0,0,0,1,0,0,0,0,1,0,1,0,0,0,0,1,0,0,1,0,0,0,0,0,1,0,0,1,0,0,0,1,0,0,1,0,0,0,0,1,0,0,1,0,0,0,1,0,0,0,0,1,0,0,0,0,0,1,1,0,0,0
ATCTGGATGGCATGAGACTCTTATGTAA,0.468352112,0.392857143,0.142857143,0.971877292,0.696004885,0.071428571,0.398870056,0,1,0,0.285714286,0.142857143,0.321428571,0.25,1,0,0,0,0,0,1,0,0,0,0,1,0,0,1,0,0,1,0,0,0,1,0,0,1,0,0,0,0,0,1,0,0,1,0,0,0,1,0,0,0,0,0,1,1,0,0,0,0,0,1,0,0,1,0,0,1,0,0,0,0,1,0,0,1,0,0,0,0,0,0,1,0,0,1,0,0,0,0,1,0,0,1,0,0,0,1,0,1,0,0,0,0,0,1,0,0,1,0,0,0,0,1,0,1,0,0,0,1,0,0,0
ATCTGGCACCGCCAAGCTCACCCACCCG,0.260030169,0.678571429,0.285714286,0.882654749,0.83906141,0.107142857,0.544632768,0,1,0,0.214285714,0.5,0.107142857,0.178571429,1,0,0,0,0,0,1,0,0,0,0,1,0,0,1,0,0,1,0,0,0,1,0,0,0,0,0,1,1,0,0,0,0,0,0,1,0,0,0,1,0,1,0,0,0,0,0,1,0,0,0,1,1,0,0,0,1,0,0,0,0,1,0,0,0,0,0,1,0,0,1,0,0,0,0,1,1,0,0,0,0,0,0,1,0,0,0,1,0,0,0,1,1,0,0,0,0,0,0,1,0,0,0,1,0,0,0,1,0,1,0,0
ATGTGTGGAGGTTTTATGACCTGACATT,0.230971196,0.392857143,0.214285714,0.933705848,0.696004885,0.142857143,0.155932203,0,1,0,0.214285714,0.107142857,0.392857143,0.285714286,1,0,0,0,0,0,1,0,0,1,0,0,0,0,1,0,0,1,0,0,0,0,1,0,0,1,0,0,0,1,0,0,1,0,0,0,0,1,0,0,0,1,0,0,0,0,1,0,0,0,1,0,0,0,1,0,0,0,1,0,1,0,0,0,0,0,1,0,0,1,0,0,1,0,0,0,0,0,0,1,0,0,0,1,0,0,1,0,0,1,0,0,1,0,0,0,0,0,0,1,1,0,0,0,0,0,1,0,0,0,1,0
CAACATCAACATTCAAGGAATGGAAGCA,0.493169337,0.392857143,0.428571429,0.917514393,0.696004885,0.071428571,0.693785311,0,1,0,0.464285714,0.214285714,0.142857143,0.178571429,0,0,0,1,1,0,0,0,1,0,0,0,0,0,0,1,1,0,0,0,0,0,1,0,0,0,0,1,1,0,0,0,1,0,0,0,0,0,0,1,1,0,0,0,0,0,1,0,0,0,1,0,0,0,0,1,1,0,0,0,1,0,0,0,0,1,0,0,0,1,0,0,1,0,0,0,1,0,0,0,0,0,1,0,0,1,0,0,0,1,0,0,1,0,0,0,1,0,0,0,0,1,0,0,0,0,0,1,1,0,0,0
CACTTTTCAACAGCTCGCCAAAGCCAGT,0.943711501,0.5,0.142857143,0.962087176,0.749651082,0.142857143,0.745762712,0,1,0,0.285714286,0.357142857,0.214285714,0.142857143,0,0,0,1,1,0,0,0,0,0,0,1,0,0,1,0,0,0,1,0,0,0,1,0,0,0,1,0,0,0,0,1,1,0,0,0,1,0,0,0,0,0,0,1,1,0,0,0,0,1,0,0,0,0,0,1,0,0,1,0,0,0,0,1,0,1,0,0,0,0,0,1,0,0,0,1,1,0,0,0,1,0,0,0,1,0,0,0,0,1,0,0,0,0,0,1,0,0,0,1,1,0,0,0,0,1,0,0,0,0,1,0
CAGAGCTGCATAATATGCATTGTCGCCA,0.540535112,0.464285714,0.214285714,0.996307034,0.731769016,0.071428571,0.528813559,0,1,0,0.285714286,0.25,0.25,0.214285714,0,0,0,1,1,0,0,0,0,1,0,0,1,0,0,0,0,1,0,0,0,0,0,1,0,0,1,0,0,1,0,0,0,0,0,1,1,0,0,0,0,0,1,0,1,0,0,0,1,0,0,0,0,0,1,0,1,0,0,0,0,0,1,0,0,1,0,0,0,0,0,1,1,0,0,0,0,0,1,0,0,0,1,0,0,1,0,0,0,0,1,0,0,0,0,1,0,1,0,0,0,0,0,1,0,0,0,1,1,0,0,0
CATAACAAGAGGAGGGGAGTGGATAAAA,0.231112107,0.428571429,0.214285714,0.830822376,0.71388695,0.142857143,1,0,1,0,0.464285714,0.071428571,0.107142857,0.357142857,0,0,0,1,1,0,0,0,0,0,1,0,1,0,0,0,1,0,0,0,0,0,0,1,1,0,0,0,1,0,0,0,0,1,0,0,1,0,0,0,0,1,0,0,0,1,0,0,1,0,0,0,0,1,0,0,0,1,0,0,0,1,0,0,0,1,0,0,1,0,0,0,0,1,0,0,0,0,1,0,0,1,0,0,0,1,0,0,1,0,0,0,0,0,1,0,1,0,0,0,1,0,0,0,1,0,0,0,1,0,0,0
CCACACATGAAGATCCATTAGTGTCCGA,0.549137388,0.464285714,0.142857143,0.981378524,0.731769016,0.071428571,0.633898305,0,1,0,0.321428571,0.285714286,0.214285714,0.178571429,0,0,0,1,0,0,0,1,1,0,0,0,0,0,0,1,1,0,0,0,0,0,0,1,1,0,0,0,0,0,1,0,0,1,0,0,1,0,0,0,1,0,0,0,0,1,0,0,1,0,0,0,0,0,1,0,0,0,0,1,0,0,0,1,1,0,0,0,0,0,1,0,0,0,1,0,1,0,0,0,0,1,0,0,0,0,1,0,0,1,0,0,0,0,1,0,0,0,0,1,0,0,0,1,0,1,0,0,1,0,0,0
CCACTGGCCTACTCAGAGCTGCATAATA,0.231401792,0.5,0.214285714,0.981378524,0.749651082,0.071428571,0.705084746,0,1,0,0.285714286,0.321428571,0.214285714,0.178571429,0,0,0,1,0,0,0,1,1,0,0,0,0,0,0,1,0,0,1,0,0,1,0,0,0,1,0,0,0,0,0,1,0,0,0,1,0,0,1,0,1,0,0,0,0,0,0,1,0,0,1,0,0,0,0,1,1,0,0,0,0,1,0,0,1,0,0,0,0,1,0,0,0,0,0,1,0,0,1,0,0,1,0,0,0,0,0,1,1,0,0,0,0,0,1,0,1,0,0,0,1,0,0,0,0,0,1,0,1,0,0,0
CCAGTTGATCTGGCACCGCCAAGCTCAC,0.456522768,0.607142857,0.071428571,0.962910706,0.803297278,0.071428571,0.326553672,0,1,0,0.214285714,0.392857143,0.178571429,0.214285714,0,0,0,1,0,0,0,1,1,0,0,0,0,1,0,0,0,0,1,0,0,0,1,0,0,1,0,0,1,0,0,0,0,0,1,0,0,0,0,1,0,0,1,0,0,1,0,0,0,1,0,0,0,0,0,1,1,0,0,0,0,0,0,1,0,0,0,1,0,1,0,0,0,0,0,1,0,0,0,1,1,0,0,0,1,0,0,0,0,1,0,0,0,0,0,1,0,0,1,0,0,0,0,1,1,0,0,0,0,0,0,1
CGGAAAATGTGCATAACAAGAGGAGGGG,0.424384283,0.5,0.214285714,0.874797629,0.749651082,0.142857143,0.922033898,0,1,0,0.392857143,0.107142857,0.107142857,0.392857143,0,0,0,1,0,1,0,0,0,1,0,0,1,0,0,0,1,0,0,0,1,0,0,0,1,0,0,0,0,0,1,0,0,1,0,0,0,0,1,0,0,1,0,0,0,0,0,1,1,0,0,0,0,0,1,0,1,0,0,0,1,0,0,0,0,0,0,1,1,0,0,0,1,0,0,0,0,1,0,0,1,0,0,0,0,1,0,0,0,1,0,0,1,0,0,0,0,1,0,0,0,1,0,0,0,1,0,0,0,1,0,0
CTCAAAAGCTCTGAAAACAAGCGCACCT,0.570196723,0.464285714,0.142857143,0.928979732,0.731769016,0.142857143,0.697175141,0,1,0,0.392857143,0.321428571,0.142857143,0.142857143,0,0,0,1,0,0,1,0,0,0,0,1,1,0,0,0,1,0,0,0,1,0,0,0,1,0,0,0,0,1,0,0,0,0,0,1,0,0,1,0,0,0,0,1,0,0,1,0,0,1,0,0,1,0,0,0,1,0,0,0,1,0,0,0,1,0,0,0,0,0,0,1,1,0,0,0,1,0,0,0,0,1,0,0,0,0,0,1,0,1,0,0,0,0,0,1,1,0,0,0,0,0,0,1,0,0,0,1,0,0,1,0
CTCGCCAAAGCCAGTTGATCTGGCACCG,0.130217127,0.607142857,0.107142857,0.975281374,0.803297278,0.107142857,0.068926554,0,1,0,0.214285714,0.357142857,0.178571429,0.25,0,0,0,1,0,0,1,0,0,0,0,1,0,1,0,0,0,0,0,1,0,0,0,1,1,0,0,0,1,0,0,0,1,0,0,0,0,1,0,0,0,0,0,1,0,0,0,1,1,0,0,0,0,1,0,0,0,0,1,0,0,0,1,0,0,1,0,0,1,0,0,0,0,0,1,0,0,0,0,1,0,0,1,0,0,1,0,0,0,1,0,0,0,0,0,1,1,0,0,0,0,0,0,1,0,0,0,1,0,1,0,0
CTGAGGCTTTAATGATCATCTGGATGGC,0.894908531,0.464285714,0.214285714,0.981378524,0.731769016,0.107142857,0.879096045,0,1,0,0.214285714,0.178571429,0.321428571,0.285714286,0,0,0,1,0,0,1,0,0,1,0,0,1,0,0,0,0,1,0,0,0,1,0,0,0,0,0,1,0,0,1,0,0,0,1,0,0,0,1,0,1,0,0,0,1,0,0,0,0,0,1,0,0,1,0,0,1,0,0,0,0,0,1,0,0,0,0,1,1,0,0,0,0,0,1,0,0,0,0,1,0,0,1,0,0,1,0,0,0,1,0,0,1,0,0,0,0,0,1,0,0,1,0,0,0,1,0,0,0,0,0,1
CTGCAACAAGTAGGGAAATATCAAACTT,0.254611707,0.357142857,0.214285714,0.943880926,0.678122819,0.107142857,0.689265537,0,1,0,0.428571429,0.178571429,0.214285714,0.178571429,0,0,0,1,0,0,1,0,0,1,0,0,0,0,0,1,1,0,0,0,1,0,0,0,0,0,0,1,1,0,0,0,1,0,0,0,0,1,0,0,0,0,1,0,1,0,0,0,0,1,0,0,0,1,0,0,0,1,0,0,1,0,0,0,1,0,0,0,1,0,0,0,0,0,1,0,1,0,0,0,0,0,1,0,0,0,0,1,1,0,0,0,1,0,0,0,1,0,0,0,0,0,0,1,0,0,1,0,0,0,1,0
GAAAAAGGGGAACTACACAAATTGGACA,0.070269311,0.392857143,0.178571429,0.873153517,0.696004885,0.178571429,0.953672316,0,1,0,0.5,0.142857143,0.107142857,0.25,0,1,0,0,1,0,0,0,1,0,0,0,1,0,0,0,1,0,0,0,1,0,0,0,0,1,0,0,0,1,0,0,0,1,0,0,0,1,0,0,1,0,0,0,1,0,0,0,0,0,0,1,0,0,1,0,1,0,0,0,0,0,0,1,1,0,0,0,0,0,0,1,1,0,0,0,1,0,0,0,1,0,0,0,0,0,1,0,0,0,1,0,0,1,0,0,0,1,0,0,1,0,0,0,0,0,0,1,1,0,0,0
GAAGAGTGGGTCATATGATAGAGAGTTG,0.085564253,0.428571429,0.214285714,0.863774653,0.71388695,0.107142857,0.905084746,0,1,0,0.321428571,0.035714286,0.25,0.392857143,0,1,0,0,1,0,0,0,1,0,0,0,0,1,0,0,1,0,0,0,0,1,0,0,0,0,1,0,0,1,0,0,0,1,0,0,0,1,0,0,0,0,1,0,0,0,0,1,1,0,0,0,0,0,1,0,1,0,0,0,0,0,1,0,0,1,0,0,1,0,0,0,0,0,1,0,1,0,0,0,0,1,0,0,1,0,0,0,0,1,0,0,1,0,0,0,0,1,0,0,0,0,1,0,0,0,1,0,0,1,0,0
GACCTGACATTTGAATGGGGGTGCAACA,0.390846681,0.5,0.178571429,0.981378524,0.749651082,0.178571429,0.499435028,0,1,0,0.285714286,0.178571429,0.214285714,0.321428571,0,1,0,0,1,0,0,0,0,0,0,1,0,0,0,1,0,0,1,0,0,1,0,0,1,0,0,0,0,0,0,1,1,0,0,0,0,0,1,0,0,0,1,0,0,0,1,0,0,1,0,0,1,0,0,0,1,0,0,0,0,0,1,0,0,1,0,0,0,1,0,0,0,1,0,0,0,1,0,0,0,1,0,0,0,0,1,0,0,1,0,0,0,0,0,1,1,0,0,0,1,0,0,0,0,0,0,1,1,0,0,0
GAGACTCTTATGTAATTGTAAGTGATCT,0.348335092,0.321428571,0.142857143,0.933705848,0.660240754,0.071428571,0.627118644,0,1,0,0.285714286,0.107142857,0.392857143,0.214285714,0,1,0,0,1,0,0,0,0,1,0,0,1,0,0,0,0,0,0,1,0,0,1,0,0,0,0,1,0,0,1,0,0,0,1,0,1,0,0,0,0,0,1,0,0,1,0,0,0,0,1,0,1,0,0,0,1,0,0,0,0,0,1,0,0,0,1,0,0,1,0,0,0,0,1,0,1,0,0,0,1,0,0,0,0,1,0,0,0,0,1,0,0,1,0,0,1,0,0,0,0,0,1,0,0,0,0,1,0,0,1,0
GAGCTAAACCCTTCTAAACATTAAAATC,0.279421237,0.321428571,0.142857143,0.897918195,0.660240754,0.142857143,0.990960452,0,1,0,0.428571429,0.25,0.25,0.071428571,0,1,0,0,1,0,0,0,0,1,0,0,0,0,0,1,0,0,1,0,1,0,0,0,1,0,0,0,1,0,0,0,0,0,0,1,0,0,0,1,0,0,0,1,0,0,1,0,0,0,1,0,0,0,0,1,0,0,1,0,1,0,0,0,1,0,0,0,1,0,0,0,0,0,0,1,1,0,0,0,0,0,1,0,0,0,1,0,1,0,0,0,1,0,0,0,1,0,0,0,1,0,0,0,0,0,1,0,0,0,0,1
GATCCATTAGTGTCCGAAATCTAAAGGA,0.223218534,0.392857143,0.142857143,0.975281374,0.696004885,0.107142857,0.546892655,0,1,0,0.357142857,0.178571429,0.25,0.214285714,0,1,0,0,1,0,0,0,0,0,1,0,0,0,0,1,0,0,0,1,1,0,0,0,0,0,1,0,0,0,1,0,1,0,0,0,0,1,0,0,0,0,1,0,0,1,0,0,0,0,1,0,0,0,0,1,0,0,0,1,0,1,0,0,1,0,0,0,1,0,0,0,1,0,0,0,0,0,1,0,0,0,0,1,0,0,1,0,1,0,0,0,1,0,0,0,1,0,0,0,0,1,0,0,0,1,0,0,1,0,0,0
GATGCTGCAACAAGTAGGGAAATATCAA,0.458277228,0.392857143,0.214285714,0.934379694,0.696004885,0.107142857,0.607909605,0,1,0,0.428571429,0.142857143,0.178571429,0.25,0,1,0,0,1,0,0,0,0,0,1,0,0,1,0,0,0,0,0,1,0,0,1,0,0,1,0,0,0,0,0,1,1,0,0,0,1,0,0,0,0,0,0,1,1,0,0,0,1,0,0,0,0,1,0,0,0,0,1,0,1,0,0,0,0,1,0,0,0,1,0,0,0,1,0,0,1,0,0,0,1,0,0,0,1,0,0,0,0,0,1,0,1,0,0,0,0,0,1,0,0,0,0,1,1,0,0,0,1,0,0,0
GCGCACCTCTAGAGACAAATAATCTCCA,0.447831064,0.464285714,0.142857143,0.950851632,0.731769016,0.107142857,0.770621469,0,1,0,0.357142857,0.321428571,0.178571429,0.142857143,0,1,0,0,0,0,0,1,0,1,0,0,0,0,0,1,1,0,0,0,0,0,0,1,0,0,0,1,0,0,1,0,0,0,0,1,0,0,1,0,1,0,0,0,0,1,0,0,1,0,0,0,0,1,0,0,1,0,0,0,0,0,0,1,1,0,0,0,1,0,0,0,1,0,0,0,0,0,1,0,1,0,0,0,1,0,0,0,0,0,1,0,0,0,0,1,0,0,1,0,0,0,0,1,0,0,0,1,1,0,0,0
GCTCTGAAAACAAGCGCACCTCTAGAGA,0.628280102,0.5,0.142857143,0.962087176,0.749651082,0.142857143,0.625988701,0,1,0,0.357142857,0.285714286,0.142857143,0.214285714,0,1,0,0,0,0,0,1,0,0,1,0,0,0,0,1,0,0,1,0,0,1,0,0,1,0,0,0,1,0,0,0,1,0,0,0,1,0,0,0,0,0,0,1,1,0,0,0,1,0,0,0,0,1,0,0,0,0,0,1,0,1,0,0,0,0,0,1,1,0,0,0,0,0,0,1,0,0,0,1,0,0,1,0,0,0,0,1,0,0,1,0,1,0,0,0,0,1,0,0,1,0,0,0,0,1,0,0,1,0,0,0
GGAAACCCATGAGGGAAAGAGAAGAGCT,0.193756546,0.5,0.142857143,0.863698337,0.749651082,0.107142857,0.595480226,0,1,0,0.428571429,0.142857143,0.071428571,0.357142857,0,1,0,0,0,1,0,0,1,0,0,0,1,0,0,0,1,0,0,0,0,0,0,1,0,0,0,1,0,0,0,1,1,0,0,0,0,0,1,0,0,1,0,0,1,0,0,0,0,1,0,0,0,1,0,0,0,1,0,0,1,0,0,0,1,0,0,0,1,0,0,0,0,1,0,0,1,0,0,0,0,1,0,0,1,0,0,0,1,0,0,0,0,1,0,0,1,0,0,0,0,1,0,0,0,0,0,1,0,0,1,0
GGAAAGAGAAGAGCTAAACCCTTCTAAA,0.262915887,0.392857143,0.142857143,0.917514393,0.696004885,0.107142857,0.639548023,0,1,0,0.464285714,0.178571429,0.142857143,0.214285714,0,1,0,0,0,1,0,0,1,0,0,0,1,0,0,0,1,0,0,0,0,1,0,0,1,0,0,0,0,1,0,0,1,0,0,0,1,0,0,0,0,1,0,0,1,0,0,0,0,1,0,0,0,0,0,1,0,0,1,0,1,0,0,0,1,0,0,0,1,0,0,0,0,0,0,1,0,0,0,1,0,0,0,1,0,0,1,0,0,0,1,0,0,0,0,1,0,0,1,0,1,0,0,0,1,0,0,0,1,0,0,0
GGACATGTTCAGGCCCTGCTATAACAGA,0.539712824,0.5,0.142857143,0.996307034,0.749651082,0.107142857,0.588700565,0,1,0,0.285714286,0.25,0.214285714,0.25,0,1,0,0,0,1,0,0,1,0,0,0,0,0,0,1,1,0,0,0,0,0,1,0,0,1,0,0,0,0,1,0,0,0,1,0,0,0,0,1,1,0,0,0,0,1,0,0,0,1,0,0,0,0,0,1,0,0,0,1,0,0,0,1,0,0,1,0,0,1,0,0,0,0,0,1,0,0,1,0,1,0,0,0,0,0,1,0,1,0,0,0,1,0,0,0,0,0,0,1,1,0,0,0,0,1,0,0,1,0,0,0
GGAGAAGCACTTTTCAACAGCTCGCCAA,0.600615136,0.5,0.142857143,0.981378524,0.749651082,0.142857143,0.484745763,0,1,0,0.321428571,0.285714286,0.178571429,0.214285714,0,1,0,0,0,1,0,0,1,0,0,0,0,1,0,0,1,0,0,0,1,0,0,0,0,1,0,0,0,0,0,1,1,0,0,0,0,0,0,1,0,0,1,0,0,0,1,0,0,0,1,0,0,0,1,0,0,0,0,1,1,0,0,0,1,0,0,0,0,0,0,1,1,0,0,0,0,1,0,0,0,0,0,1,0,0,1,0,0,0,0,1,0,1,0,0,0,0,0,1,0,0,0,1,1,0,0,0,1,0,0,0
GGAGCCTGAGCTCAAAAGCTCTGAAAAC,0.197684012,0.5,0.142857143,0.965780142,0.749651082,0.142857143,0.303954802,0,1,0,0.357142857,0.25,0.142857143,0.25,0,1,0,0,0,1,0,0,1,0,0,0,0,1,0,0,0,0,0,1,0,0,0,1,0,0,1,0,0,1,0,0,1,0,0,0,0,1,0,0,0,0,0,1,0,0,1,0,0,0,0,1,1,0,0,0,1,0,0,0,1,0,0,0,1,0,0,0,0,1,0,0,0,0,0,1,0,0,1,0,0,0,0,1,0,0,1,0,0,1,0,0,1,0,0,0,1,0,0,0,1,0,0,0,1,0,0,0,0,0,0,1
GGATGGCATGAGACTCTTATGTAATTGT,0.251230735,0.392857143,0.142857143,0.946076516,0.696004885,0.071428571,0.33220339,0,1,0,0.25,0.107142857,0.357142857,0.285714286,0,1,0,0,0,1,0,0,1,0,0,0,0,0,1,0,0,1,0,0,0,1,0,0,0,0,0,1,1,0,0,0,0,0,1,0,0,1,0,0,1,0,0,0,0,1,0,0,1,0,0,0,0,0,0,1,0,0,1,0,0,0,0,1,0,0,1,0,0,0,1,0,1,0,0,0,0,0,1,0,0,1,0,0,0,0,1,0,1,0,0,0,1,0,0,0,0,0,1,0,0,0,1,0,0,1,0,0,0,0,1,0
GGCACCGCCAAGCTCACCCACCCGAATG,0.163144778,0.678571429,0.285714286,0.881052893,0.83906141,0.107142857,0.648587571,0,1,0,0.25,0.464285714,0.071428571,0.214285714,0,1,0,0,0,1,0,0,0,0,0,1,1,0,0,0,0,0,0,1,0,0,0,1,0,1,0,0,0,0,0,1,0,0,0,1,1,0,0,0,1,0,0,0,0,1,0,0,0,0,0,1,0,0,1,0,0,0,0,1,1,0,0,0,0,0,0,1,0,0,0,1,0,0,0,1,1,0,0,0,0,0,0,1,0,0,0,1,0,0,0,1,0,1,0,0,1,0,0,0,1,0,0,0,0,0,1,0,0,1,0,0
GGCAGAGGAAGAGTGGGTCATATGATAG,0.161918302,0.5,0.142857143,0.882989684,0.749651082,0.107142857,0.882485876,0,1,0,0.321428571,0.071428571,0.178571429,0.428571429,0,1,0,0,0,1,0,0,0,0,0,1,1,0,0,0,0,1,0,0,1,0,0,0,0,1,0,0,0,1,0,0,1,0,0,0,1,0,0,0,0,1,0,0,1,0,0,0,0,1,0,0,0,0,1,0,0,1,0,0,0,1,0,0,0,1,0,0,0,0,1,0,0,0,0,1,1,0,0,0,0,0,1,0,1,0,0,0,0,0,1,0,0,1,0,0,1,0,0,0,0,0,1,0,1,0,0,0,0,1,0,0
GGCCCTGCTATAACAGAAAGGCAGAGGA,0.108229081,0.535714286,0.142857143,0.93915481,0.767533147,0.107142857,0.119774011,0,1,0,0.357142857,0.214285714,0.107142857,0.321428571,0,1,0,0,0,1,0,0,0,0,0,1,0,0,0,1,0,0,0,1,0,0,1,0,0,1,0,0,0,0,0,1,0,0,1,0,1,0,0,0,0,0,1,0,1,0,0,0,1,0,0,0,0,0,0,1,1,0,0,0,0,1,0,0,1,0,0,0,1,0,0,0,1,0,0,0,0,1,0,0,0,1,0,0,0,0,0,1,1,0,0,0,0,1,0,0,1,0,0,0,0,1,0,0,0,1,0,0,1,0,0,0
GTAAAGCAGAGAAGGAGCCTGAGCTCAA,0.415694685,0.5,0.142857143,0.922470304,0.749651082,0.107142857,0.466666667,0,1,0,0.392857143,0.178571429,0.107142857,0.321428571,0,1,0,0,0,0,1,0,1,0,0,0,1,0,0,0,1,0,0,0,0,1,0,0,0,0,0,1,1,0,0,0,0,1,0,0,1,0,0,0,0,1,0,0,1,0,0,0,1,0,0,0,0,1,0,0,0,1,0,0,1,0,0,0,0,1,0,0,0,0,0,1,0,0,0,1,0,0,1,0,0,1,0,0,1,0,0,0,0,1,0,0,0,0,0,1,0,0,1,0,0,0,0,1,1,0,0,0,1,0,0,0
GTAAGTGATCTCTTGAAAAAATGAATGA,0.414211017,0.285714286,0.214285714,0.894225229,0.642358688,0.214285714,0.899435028,0,1,0,0.428571429,0.071428571,0.285714286,0.214285714,0,1,0,0,0,0,1,0,1,0,0,0,1,0,0,0,0,1,0,0,0,0,1,0,0,1,0,0,1,0,0,0,0,0,1,0,0,0,0,1,0,0,1,0,0,0,0,1,0,0,1,0,0,0,1,0,0,1,0,0,1,0,0,0,1,0,0,0,1,0,0,0,1,0,0,0,1,0,0,0,1,0,0,0,0,0,1,0,0,1,0,0,1,0,0,0,1,0,0,0,0,0,1,0,0,1,0,0,1,0,0,0
GTAGGGAAATATCAAACTTTTAAGCTGG,0.719028725,0.357142857,0.142857143,0.946076516,0.678122819,0.142857143,0.943502825,0,1,0,0.357142857,0.107142857,0.285714286,0.25,0,1,0,0,0,0,1,0,1,0,0,0,0,1,0,0,0,1,0,0,0,1,0,0,1,0,0,0,1,0,0,0,1,0,0,0,0,0,1,0,1,0,0,0,0,0,1,0,0,0,0,1,1,0,0,0,1,0,0,0,1,0,0,0,0,0,0,1,0,0,1,0,0,0,1,0,0,0,1,0,0,0,1,0,1,0,0,0,1,0,0,0,0,1,0,0,0,0,0,1,0,0,1,0,0,1,0,0,0,1,0,0
GTCGCCATCAAAGGGCTCGCCACACATG,0.380837727,0.607142857,0.142857143,0.965780142,0.803297278,0.107142857,0.592090395,0,1,0,0.25,0.357142857,0.142857143,0.25,0,1,0,0,0,0,1,0,0,0,0,1,0,1,0,0,0,0,0,1,0,0,0,1,1,0,0,0,0,0,1,0,0,0,0,1,1,0,0,0,1,0,0,0,1,0,0,0,0,1,0,0,0,1,0,0,0,1,0,0,0,0,0,1,0,0,1,0,0,0,0,1,0,1,0,0,0,0,0,1,0,0,0,1,1,0,0,0,0,0,0,1,1,0,0,0,0,0,0,1,1,0,0,0,0,0,1,0,0,1,0,0
GTGATCTCTTGAAAAAATGAATGAATGG,0.198705308,0.321428571,0.285714286,0.908941171,0.660240754,0.214285714,0.959322034,0,1,0,0.392857143,0.071428571,0.285714286,0.25,0,1,0,0,0,0,1,0,0,1,0,0,1,0,0,0,0,0,1,0,0,0,0,1,0,0,1,0,0,0,0,1,0,0,1,0,0,0,1,0,0,1,0,0,1,0,0,0,1,0,0,0,1,0,0,0,1,0,0,0,1,0,0,0,1,0,0,0,0,0,1,0,0,1,0,0,1,0,0,0,1,0,0,0,0,0,1,0,0,1,0,0,1,0,0,0,1,0,0,0,0,0,1,0,0,1,0,0,0,1,0,0
GTGTCCGAAATCTAAAGGAAAAAGGGGA,0.538843987,0.428571429,0.178571429,0.89825313,0.71388695,0.178571429,0.701694915,0,1,0,0.428571429,0.107142857,0.142857143,0.321428571,0,1,0,0,0,0,1,0,0,1,0,0,0,0,1,0,0,0,0,1,0,0,0,1,0,1,0,0,1,0,0,0,1,0,0,0,1,0,0,0,0,0,1,0,0,0,0,1,0,0,1,0,1,0,0,0,1,0,0,0,1,0,0,0,0,1,0,0,0,1,0,0,1,0,0,0,1,0,0,0,1,0,0,0,1,0,0,0,1,0,0,0,0,1,0,0,0,1,0,0,0,1,0,0,0,1,0,0,1,0,0,0
GTTTTATGACCTGACATTTGAATGGGGG,0.16686566,0.428571429,0.178571429,0.93915481,0.71388695,0.178571429,0.71299435,0,1,0,0.214285714,0.107142857,0.357142857,0.321428571,0,1,0,0,0,0,1,0,0,0,1,0,0,0,1,0,0,0,1,0,1,0,0,0,0,0,1,0,0,1,0,0,1,0,0,0,0,0,0,1,0,0,0,1,0,0,1,0,0,1,0,0,1,0,0,0,0,0,0,1,1,0,0,0,0,0,1,0,0,0,1,0,0,0,1,0,0,1,0,0,1,0,0,0,1,0,0,0,0,0,1,0,0,1,0,0,0,1,0,0,0,1,0,0,0,1,0,0,0,1,0,0
TAATATGCATTGTCGCCATCAAAGGGCT,0.594705355,0.428571429,0.107142857,0.992614068,0.71388695,0.107142857,0.6,0,1,0,0.285714286,0.214285714,0.285714286,0.214285714,0,0,1,0,1,0,0,0,1,0,0,0,0,0,1,0,1,0,0,0,0,0,1,0,0,1,0,0,0,0,0,1,1,0,0,0,0,0,1,0,0,0,1,0,0,1,0,0,0,0,1,0,0,0,0,1,0,1,0,0,0,0,0,1,0,0,0,1,1,0,0,0,0,0,1,0,0,0,0,1,1,0,0,0,1,0,0,0,1,0,0,0,0,1,0,0,0,1,0,0,0,1,0,0,0,0,0,1,0,0,1,0
TACACAAATTGGACATGTTCAGGCCCTG,1,0.464285714,0.142857143,0.996307034,0.731769016,0.107142857,0.871186441,0,1,0,0.285714286,0.25,0.25,0.214285714,0,0,1,0,1,0,0,0,0,0,0,1,1,0,0,0,0,0,0,1,1,0,0,0,1,0,0,0,1,0,0,0,0,0,1,0,0,0,1,0,0,1,0,0,0,1,0,0,1,0,0,0,0,0,0,1,1,0,0,0,0,0,1,0,0,1,0,0,0,0,1,0,0,0,1,0,0,0,0,1,1,0,0,0,0,1,0,0,0,1,0,0,0,0,0,1,0,0,0,1,0,0,0,1,0,0,1,0,0,1,0,0
TAGATGGAATCGGAAAATGTGCATAACA,0.19182182,0.357142857,0.142857143,0.922682872,0.678122819,0.142857143,0.915254237,0,1,0,0.428571429,0.107142857,0.214285714,0.25,0,0,1,0,1,0,0,0,0,1,0,0,1,0,0,0,0,0,1,0,0,1,0,0,0,1,0,0,1,0,0,0,1,0,0,0,0,0,1,0,0,0,0,1,0,1,0,0,0,1,0,0,1,0,0,0,1,0,0,0,1,0,0,0,1,0,0,0,0,0,1,0,0,1,0,0,0,0,1,0,0,1,0,0,0,0,0,1,1,0,0,0,0,0,1,0,1,0,0,0,1,0,0,0,0,0,0,1,1,0,0,0
TATGATAGAGAGTTGTTGATGCTGCAAC,0.278926315,0.392857143,0.214285714,0.952173666,0.696004885,0.071428571,0.677966102,0,1,0,0.285714286,0.107142857,0.321428571,0.285714286,0,0,1,0,1,0,0,0,0,0,1,0,0,1,0,0,1,0,0,0,0,0,1,0,1,0,0,0,0,1,0,0,1,0,0,0,0,1,0,0,1,0,0,0,0,1,0,0,0,0,1,0,0,0,1,0,0,1,0,0,0,0,1,0,0,0,1,0,0,1,0,0,1,0,0,0,0,0,1,0,0,1,0,0,0,0,0,1,0,0,1,0,0,1,0,0,0,0,0,1,1,0,0,0,1,0,0,0,0,0,0,1
TCTAAAGGAAAAAGGGGAACTACACAAA,0.398328443,0.357142857,0.178571429,0.852462792,0.678122819,0.178571429,0.936723164,0,1,0,0.535714286,0.142857143,0.107142857,0.214285714,0,0,1,0,0,0,0,1,0,0,1,0,1,0,0,0,1,0,0,0,1,0,0,0,0,1,0,0,0,1,0,0,1,0,0,0,1,0,0,0,1,0,0,0,1,0,0,0,1,0,0,0,0,1,0,0,0,1,0,0,0,1,0,0,0,1,0,0,1,0,0,0,1,0,0,0,0,0,0,1,0,0,1,0,1,0,0,0,0,0,0,1,1,0,0,0,0,0,0,1,1,0,0,0,1,0,0,0,1,0,0,0
TGAAAAAATGAATGAATGGAAACCCATG,1,0.321428571,0.285714286,0.882654749,0.660240754,0.214285714,0.661016949,0,1,0,0.5,0.107142857,0.178571429,0.214285714,0,0,1,0,0,1,0,0,1,0,0,0,1,0,0,0,1,0,0,0,1,0,0,0,1,0,0,0,1,0,0,0,0,0,1,0,0,1,0,0,1,0,0,0,1,0,0,0,0,0,1,0,0,1,0,0,1,0,0,0,1,0,0,0,0,0,1,0,0,1,0,0,0,1,0,0,1,0,0,0,1,0,0,0,1,0,0,0,0,0,0,1,0,0,0,1,0,0,0,1,1,0,0,0,0,0,1,0,0,1,0,0
TGAAAACAAGCGCACCTCTAGAGACAAA,0.490485473,0.428571429,0.142857143,0.901503733,0.71388695,0.142857143,0.993220339,0,1,0,0.464285714,0.25,0.107142857,0.178571429,0,0,1,0,0,1,0,0,1,0,0,0,1,0,0,0,1,0,0,0,1,0,0,0,0,0,0,1,1,0,0,0,1,0,0,0,0,1,0,0,0,0,0,1,0,1,0,0,0,0,0,1,1,0,0,0,0,0,0,1,0,0,0,1,0,0,1,0,0,0,0,1,0,0,1,0,1,0,0,0,0,1,0,0,1,0,0,0,0,1,0,0,1,0,0,0,0,0,0,1,1,0,0,0,1,0,0,0,1,0,0,0
TGAAGATCCATTAGTGTCCGAAATCTAA,0.301241087,0.357142857,0.142857143,0.96727457,0.678122819,0.107142857,0.93220339,0,1,0,0.357142857,0.178571429,0.285714286,0.178571429,0,0,1,0,0,1,0,0,1,0,0,0,1,0,0,0,0,1,0,0,1,0,0,0,0,0,1,0,0,0,0,1,0,0,0,1,1,0,0,0,0,0,1,0,0,0,1,0,1,0,0,0,0,1,0,0,0,0,1,0,0,1,0,0,0,0,1,0,0,0,0,1,0,0,0,1,0,1,0,0,1,0,0,0,1,0,0,0,1,0,0,0,0,0,1,0,0,0,0,1,0,0,1,0,1,0,0,0,1,0,0,0
TGACATTTGAATGGGGGTGCAACATCAA,0.40514401,0.428571429,0.178571429,0.971877292,0.71388695,0.178571429,0.693785311,0,1,0,0.321428571,0.142857143,0.25,0.285714286,0,0,1,0,0,1,0,0,1,0,0,0,0,0,0,1,1,0,0,0,0,0,1,0,0,0,1,0,0,0,1,0,0,1,0,0,1,0,0,0,1,0,0,0,0,0,1,0,0,1,0,0,0,1,0,0,0,1,0,0,0,1,0,0,0,1,0,0,0,0,1,0,0,1,0,0,0,0,0,1,1,0,0,0,1,0,0,0,0,0,0,1,1,0,0,0,0,0,1,0,0,0,0,1,1,0,0,0,1,0,0,0
TGACTTGGGAGCATAGATGGAATCGGAA,0.224098761,0.464285714,0.107142857,0.93915481,0.731769016,0.107142857,0.896045198,0,1,0,0.321428571,0.107142857,0.214285714,0.357142857,0,0,1,0,0,1,0,0,1,0,0,0,0,0,0,1,0,0,1,0,0,0,1,0,0,1,0,0,0,1,0,0,0,1,0,0,1,0,0,0,0,1,0,0,0,0,0,1,1,0,0,0,0,0,1,0,1,0,0,0,0,1,0,0,1,0,0,0,0,0,1,0,0,1,0,0,0,1,0,0,1,0,0,0,1,0,0,0,0,0,1,0,0,0,0,1,0,1,0,0,0,1,0,0,1,0,0,0,1,0,0,0
TGATGACTTATGTGTGGAGGTTTTATGA,0.430397593,0.357142857,0.214285714,0.849058711,0.678122819,0.142857143,0.809039548,0,1,0,0.214285714,0.035714286,0.428571429,0.321428571,0,0,1,0,0,1,0,0,1,0,0,0,0,0,1,0,0,1,0,0,1,0,0,0,0,0,0,1,0,0,1,0,0,0,1,0,1,0,0,0,0,0,1,0,0,1,0,0,0,0,1,0,0,1,0,0,0,0,1,0,0,1,0,0,0,1,0,0,1,0,0,0,0,1,0,0,0,1,0,0,0,0,1,0,0,0,1,0,0,0,1,0,0,0,1,0,1,0,0,0,0,0,1,0,0,1,0,0,1,0,0,0
TGGATAAAAAGACATATACATCCTAGAT,0.604271425,0.285714286,0.178571429,0.908013161,0.642358688,0.178571429,0.830508475,0,1,0,0.464285714,0.142857143,0.25,0.142857143,0,0,1,0,0,1,0,0,0,1,0,0,1,0,0,0,0,0,1,0,1,0,0,0,1,0,0,0,1,0,0,0,1,0,0,0,1,0,0,0,0,1,0,0,1,0,0,0,0,0,0,1,1,0,0,0,0,0,1,0,1,0,0,0,0,0,1,0,1,0,0,0,0,0,0,1,1,0,0,0,0,0,1,0,0,0,0,1,0,0,0,1,0,0,1,0,1,0,0,0,0,1,0,0,1,0,0,0,0,0,1,0
TGGCCTACTCAGAGCTGCATAATATGCA,0.231170653,0.464285714,0.214285714,0.996307034,0.731769016,0.071428571,0.466666667,0,1,0,0.285714286,0.25,0.25,0.214285714,0,0,1,0,0,1,0,0,0,1,0,0,0,0,0,1,0,0,0,1,0,0,1,0,1,0,0,0,0,0,0,1,0,0,1,0,0,0,0,1,1,0,0,0,0,1,0,0,1,0,0,0,0,1,0,0,0,0,0,1,0,0,1,0,0,1,0,0,0,0,0,1,1,0,0,0,0,0,1,0,1,0,0,0,1,0,0,0,0,0,1,0,1,0,0,0,0,0,1,0,0,1,0,0,0,0,0,1,1,0,0,0
TGTAATTGTAAGTGATCTCTTGAAAAAA,0.681565532,0.25,0.214285714,0.887915511,0.624476622,0.214285714,0.885875706,0,1,0,0.392857143,0.071428571,0.357142857,0.178571429,0,0,1,0,0,1,0,0,0,0,1,0,1,0,0,0,1,0,0,0,0,0,1,0,0,0,1,0,0,1,0,0,0,0,1,0,1,0,0,0,1,0,0,0,0,1,0,0,0,0,1,0,0,1,0,0,1,0,0,0,0,0,1,0,0,0,0,1,0,0,1,0,0,0,0,1,0,0,1,0,0,0,1,0,0,1,0,0,1,0,0,0,1,0,0,0,1,0,0,0,1,0,0,0,1,0,0,0,1,0,0,0
TGTCTGATGACTTATGTGTGGAGGTTTT,0.215983174,0.392857143,0.214285714,0.856623151,0.696004885,0.142857143,0.71299435,0,1,0,0.142857143,0.071428571,0.464285714,0.321428571,0,0,1,0,0,1,0,0,0,0,1,0,0,0,0,1,0,0,1,0,0,1,0,0,1,0,0,0,0,0,1,0,0,1,0,0,1,0,0,0,0,0,0,1,0,0,1,0,0,0,1,0,1,0,0,0,0,0,1,0,0,1,0,0,0,0,1,0,0,1,0,0,0,0,1,0,0,1,0,0,0,1,0,0,1,0,0,0,0,1,0,0,0,1,0,0,0,0,1,0,0,0,1,0,0,0,1,0,0,0,1,0
TGTGCATAACAAGAGGAGGGGAGTGGAT,0.28157995,0.5,0.214285714,0.882989684,0.749651082,0.142857143,0.907344633,0,1,0,0.321428571,0.071428571,0.178571429,0.428571429,0,0,1,0,0,1,0,0,0,0,1,0,0,1,0,0,0,0,0,1,1,0,0,0,0,0,1,0,1,0,0,0,1,0,0,0,0,0,0,1,1,0,0,0,1,0,0,0,0,1,0,0,1,0,0,0,0,1,0,0,0,1,0,0,1,0,0,0,0,1,0,0,0,1,0,0,0,1,0,0,0,1,0,0,1,0,0,0,0,1,0,0,0,0,1,0,0,1,0,0,0,1,0,0,1,0,0,0,0,0,1,0
TTAAAATCTGTTTCCTCTGTCTGATGAC,0.422531316,0.357142857,0.285714286,0.938693532,0.678122819,0.142857143,0.844067797,0,1,0,0.214285714,0.214285714,0.428571429,0.142857143,0,0,1,0,0,0,1,0,1,0,0,0,1,0,0,0,1,0,0,0,1,0,0,0,0,0,1,0,0,0,0,1,0,0,1,0,0,1,0,0,0,0,1,0,0,0,1,0,0,0,1,0,0,0,0,1,0,0,0,1,0,0,1,0,0,0,0,1,0,0,1,0,0,1,0,0,0,0,1,0,0,0,0,1,0,0,1,0,0,1,0,0,1,0,0,0,0,0,1,0,0,1,0,0,1,0,0,0,0,0,0,1
TTCAGGCCCTGCTATAACAGAAAGGCAG,0.230998951,0.5,0.142857143,0.98507149,0.749651082,0.107142857,0.436158192,0,1,0,0.321428571,0.25,0.178571429,0.25,0,0,1,0,0,0,1,0,0,0,0,1,1,0,0,0,0,1,0,0,0,1,0,0,0,0,0,1,0,0,0,1,0,0,0,1,0,0,1,0,0,1,0,0,0,0,0,1,0,0,1,0,1,0,0,0,0,0,1,0,1,0,0,0,1,0,0,0,0,0,0,1,1,0,0,0,0,1,0,0,1,0,0,0,1,0,0,0,1,0,0,0,0,1,0,0,0,1,0,0,0,0,0,1,1,0,0,0,0,1,0,0
TTCTAAACATTAAAATCTGTTTCCTCTG,0.545320611,0.285714286,0.142857143,0.894225229,0.642358688,0.142857143,0.86779661,0,1,0,0.285714286,0.214285714,0.428571429,0.071428571,0,0,1,0,0,0,1,0,0,0,0,1,0,0,1,0,1,0,0,0,1,0,0,0,1,0,0,0,0,0,0,1,1,0,0,0,0,0,1,0,0,0,1,0,1,0,0,0,1,0,0,0,1,0,0,0,1,0,0,0,0,0,1,0,0,0,0,1,0,0,1,0,0,1,0,0,0,0,1,0,0,0,1,0,0,0,1,0,0,0,0,1,0,0,0,1,0,0,1,0,0,0,0,1,0,0,1,0,0,1,0,0
TTGGGAGCATAGATGGAATCGGAAAATG,0.258448511,0.428571429,0.142857143,0.904600016,0.71388695,0.142857143,0.915254237,0,1,0,0.357142857,0.071428571,0.214285714,0.357142857,0,0,1,0,0,0,1,0,0,1,0,0,0,1,0,0,0,1,0,0,1,0,0,0,0,1,0,0,0,0,0,1,1,0,0,0,0,0,1,0,1,0,0,0,0,1,0,0,1,0,0,0,0,0,1,0,0,1,0,0,0,1,0,0,1,0,0,0,1,0,0,0,0,0,1,0,0,0,0,1,0,1,0,0,0,1,0,0,1,0,0,0,1,0,0,0,1,0,0,0,1,0,0,0,0,0,1,0,0,1,0,0
TTTCAACAGCTCGCCAAAGCCAGTTGAT,0.195594068,0.464285714,0.107142857,0.98830023,0.731769016,0.107142857,0.276836158,0,1,0,0.285714286,0.285714286,0.25,0.178571429,0,0,1,0,0,0,1,0,0,0,1,0,0,0,0,1,1,0,0,0,1,0,0,0,0,0,0,1,1,0,0,0,0,1,0,0,0,0,0,1,0,0,1,0,0,0,0,1,0,1,0,0,0,0,0,1,0,0,0,1,1,0,0,0,1,0,0,0,1,0,0,0,0,1,0,0,0,0,0,1,0,0,0,1,1,0,0,0,0,1,0,0,0,0,1,0,0,0,1,0,0,1,0,0,1,0,0,0,0,0,1,0
TTTCCTCTGTCTGATGACTTATGTGTGG,0.350739015,0.428571429,0.285714286,0.901503733,0.71388695,0.107142857,0.736723164,0,1,0,0.107142857,0.178571429,0.464285714,0.25,0,0,1,0,0,0,1,0,0,0,1,0,0,0,0,1,0,0,0,1,0,0,1,0,0,0,0,1,0,0,1,0,0,1,0,0,0,0,1,0,0,0,0,1,0,0,1,0,0,1,0,0,1,0,0,0,0,0,1,0,0,1,0,0,1,0,0,0,0,0,0,1,0,0,1,0,0,0,1,0,1,0,0,0,0,0,1,0,0,1,0,0,0,0,1,0,0,1,0,0,0,0,1,0,0,1,0,0,0,1,0,0
TTTTAAGCTGGTGTCACCAGAATCCCCA,0.054569893,0.464285714,0.142857143,0.98830023,0.731769016,0.142857143,0.415819209,0,1,0,0.25,0.285714286,0.285714286,0.178571429,0,0,1,0,0,0,1,0,0,0,1,0,0,0,1,0,1,0,0,0,1,0,0,0,0,1,0,0,0,0,0,1,0,0,1,0,0,1,0,0,0,1,0,0,0,0,1,0,0,1,0,0,0,0,1,0,0,0,0,1,1,0,0,0,0,0,0,1,0,0,0,1,1,0,0,0,0,1,0,0,1,0,0,0,1,0,0,0,0,0,1,0,0,0,0,1,0,0,0,1,0,0,0,1,0,0,0,1,1,0,0,0
